<user>
  <user>
    <name>Eugene Stewart</name>
  </user>
  <user>
    <name>Sarah Day</name>
  </user>
  <user>
    <name>Jennifer Riley</name>
  </user>
  <user>
    <name>Jacqueline Perez</name>
  </user>
  <user>
    <name>Amanda Frazier</name>
  </user>
  <user>
    <name>Joshua Murray</name>
  </user>
  <user>
    <name>Jean Henry</name>
  </user>
  <user>
    <name>Diana Harvey</name>
  </user>
  <user>
    <name>Emily Parker</name>
  </user>
  <user>
    <name>Paula Hill</name>
  </user>
  <user>
    <name>Billy Parker</name>
  </user>
  <user>
    <name>Jeremy Woods</name>
  </user>
  <user>
    <name>Christina Patterson</name>
  </user>
  <user>
    <name>Christine Gomez</name>
  </user>
  <user>
    <name>Kathy Gilbert</name>
  </user>
  <user>
    <name>Fred Barnes</name>
  </user>
  <user>
    <name>Anna Parker</name>
  </user>
  <user>
    <name>Betty Ward</name>
  </user>
  <user>
    <name>Patricia Fuller</name>
  </user>
  <user>
    <name>Bonnie Fox</name>
  </user>
  <user>
    <name>Chris Mitchell</name>
  </user>
  <user>
    <name> Cunningham</name>
  </user>
  <user>
    <name>Arthur Reynolds</name>
  </user>
  <user>
    <name>Thomas Snyder</name>
  </user>
  <user>
    <name>Marie Williamson</name>
  </user>
  <user>
    <name>Jonathan Rodriguez</name>
  </user>
  <user>
    <name>Ann Stevens</name>
  </user>
  <user>
    <name> Thompson</name>
  </user>
  <user>
    <name>Patricia Cooper</name>
  </user>
  <user>
    <name>Fred Allen</name>
  </user>
  <user>
    <name>Clarence Fowler</name>
  </user>
  <user>
    <name>Betty Lawson</name>
  </user>
  <user>
    <name>Anna Clark</name>
  </user>
  <user>
    <name>Carl Daniels</name>
  </user>
  <user>
    <name> Lawson</name>
  </user>
  <user>
    <name> Fox</name>
  </user>
  <user>
    <name>Gary Stevens</name>
  </user>
  <user>
    <name> Mitchell</name>
  </user>
  <user>
    <name> Bennett</name>
  </user>
  <user>
    <name>Brenda Howell</name>
  </user>
  <user>
    <name> Schmidt</name>
  </user>
  <user>
    <name>Brandon Fuller</name>
  </user>
  <user>
    <name> Moreno</name>
  </user>
  <user>
    <name> Stewart</name>
  </user>
  <user>
    <name> Peterson</name>
  </user>
  <user>
    <name>Patrick King</name>
  </user>
  <user>
    <name>Rachel Johnson</name>
  </user>
  <user>
    <name>Sandra Riley</name>
  </user>
  <user>
    <name>Gloria Alexander</name>
  </user>
  <user>
    <name> Harrison</name>
  </user>
  <user>
    <name>Nicole Harris</name>
  </user>
  <user>
    <name>Benjamin Henry</name>
  </user>
  <user>
    <name>Nicole Martinez</name>
  </user>
  <user>
    <name> Baker</name>
  </user>
  <user>
    <name>Wanda Harris</name>
  </user>
  <user>
    <name>Doris Cook</name>
  </user>
</user>